INSERT INTO `sports` (`id`, `name`, `status`) VALUES
(1, 'snowboard', 'public'),
(2, 'ski', 'public'),
(3, 'skate', 'public'),
(4, 'roller', 'public'),
(5, 'motocross', 'public'),
(6, 'wakeboard', 'public'),
(7, 'surf', 'public'),
(8, 'bmx', 'public'),
(9, 'parkour', 'public');

INSERT INTO `trickers_test_e2e`.`social_providers` (`id`) VALUES ('facebook');

INSERT INTO `trickers_test_e2e`.`video_providers` (`name`) VALUES ('youtube'), ('vimeo');

INSERT INTO `users` (`id`, `email`, `username`, `password`, `status`, `count_tags`, `count_report_errors`, `created`, `last_login`, `provider`, `provider_uid`, `count_tags_validated`, `count_tags_rejected`, `reputation_points`, `password_token`, `password_token_expires`, `email_token`, `email_token_expires`, `email_verified`) 
VALUES
(1, 'activated_user@mail.com', 'activated_user', NULL, 'activated', 0, 0, '2016-03-09 17:42:43', '2016-03-08 23:00:00', NULL, NULL, 0, 0, 0, NULL, NULL, NULL, NULL, 0),
(2, 'stef@fstricks.com', 'stef', '$2y$10$BrAuL3GXU55X1kUYJs.m1eGkPcamVYAAYbG82evDQw47evxRvXnk6', 'activated', 0, 0, '2016-03-09 17:42:43', '2016-03-08 23:00:00', NULL, NULL, 0, 0, 0, NULL, NULL, NULL, NULL, 0),
(3, 'tobedeleted@mail.com', 'tobedelete', '$2y$10$BrAuL3GXU55X1kUYJs.m1eGkPcamVYAAYbG82evDQw47evxRvXnk6', 'activated', 0, 0, '2016-03-09 17:42:43', '2016-03-08 23:00:00', NULL, NULL, 0, 0, 0, NULL, NULL, NULL, NULL, 0),
(4, 'changepassword@mail.com', 'changepassword', '$2y$10$BrAuL3GXU55X1kUYJs.m1eGkPcamVYAAYbG82evDQw47evxRvXnk6', 'activated', 0, 0, '2016-03-09 17:42:43', '2016-03-08 23:00:00', NULL, NULL, 0, 0, 0, NULL, NULL, NULL, NULL, 0),
(5, 'test@mail.com', 'test', '$2y$10$3FSWMO/mmEWyzXYRqfyqAutBw9RRMpEiJVIbFWJaulhBEqwidGaWq', 'activated', 0, 0, '2016-01-11 08:40:04', NULL, NULL, NULL, 0, 0, 0, NULL, NULL, NULL, NULL, 0),
(19, 'sca.leonard@gmail.com', 'stéphane léonard', '$2y$10$NKhVRRj1YKyazXjWHmJMOeYdztBTiqW8d8Zg70hEgRKm1ru8qaJr.', 'activated', 0, 0, '2016-03-04 15:35:51', NULL, 'facebook', '10208111125313888', 0, 0, 0, NULL, NULL, NULL, NULL, 0);



INSERT INTO `categories` (`id`, `name`, `sport_id`) VALUES
(4, 'flat', 1),
(2, 'jib', 1),
(1, 'kicker', 1),
(33, 'other', 1),
(3, 'pipe', 1),
(8, 'flat', 2),
(6, 'jib', 2),
(5, 'kicker', 2),
(34, 'other', 2),
(7, 'pipe', 2),
(31, 'flat', 3),
(29, 'jump', 3),
(32, 'other', 3),
(23, 'pipes', 3),
(30, 'vert', 3),
(27, 'flat', 4),
(25, 'jump', 4),
(28, 'others', 4),
(24, 'pipes', 4),
(26, 'vert', 4),
(9, 'freestyle', 5),
(21, 'jib', 6),
(20, 'jump', 6),
(22, 'waves', 6),
(16, 'all', 7),
(10, 'dirt', 8),
(14, 'flat', 8),
(11, 'street', 8),
(15, 'vert', 8),
(17, 'All', 9);

INSERT INTO `error_types` (`id`, `name`, `description`) VALUES
(1, 'Invalid sport, category or trick', 'The tag is invalid for one of the following reason: - The sport or the category is not the good one - The trick is not the good one'),
(2, 'Invalid time range', 'The trick and the category is good, but the time range is not.'),
(3, 'Invalid video', 'The video cannot be played'),
(4, 'Others', 'Any other errors');

INSERT INTO `playlists` (`id`, `title`, `description`, `created`, `modified`, `user_id`, `status`, `count_points`, `count_up`, `slug`, `count_tags`) VALUES
(3, 'Amazing flips', 'Gather the most amazing flips in all sports !', '2016-02-29 08:00:24', '2016-02-29 17:15:22', 2, 'public', 2, 2, '', 8),
(4, 'Learning', 'All the tricks that I''m currently learning', '2016-02-29 09:59:25', '2016-02-29 09:59:25', 2, 'private', 1, 1, '', 2),
(5, 'Quadruples', 'Gather all quadruples ever landed. Becarefull it''s powerfull! You will be amzed!', '2016-02-29 11:05:08', '2016-02-29 16:49:07', 2, 'public', 1, 1, '', 1),
(7, 'Lot of description', 'Lorem ipsum dolor sit amet, dolor legendos et eos, vis ex quis intellegebat. Elitr aperiam reformidans nec ex. Aperiri eruditi in mei, veritus feugait ad mea. Has ut iudico albucius rationibus, eam voluptua vulputate pertinacia an, mea wisi persius imperdiet at.\n\nUt mel albucius constituam conclusionemque. Dolor insolens tincidunt pro ad. Eos delenit platonem ei, ex ornatus albucius pro, modo sint his te. Tacimates omittantur mei ut, debitis volumus neglegentur ex nec. Perfecto deserunt vis ne, ex vel ipsum vocibus suavitate.\n\nId sed case dictas eloquentiam. Qui ubique urbanitas ad, per cu soluta inermis fabellas. Ea aliquam dissentias referrentur sit, id labores postulant incorrupte sed. Eum in paulo scaevola sensibus, id graecis vivendum est.\n\nUt mel albucius constituam conclusionemque. Dolor insolens tincidunt pro ad. Eos delenit platonem ei, ex ornatus albucius pro, modo sint his te. Tacimates omittantur mei ut, debitis volumus neglegentur ex nec. Perfecto deserunt vis ne.', '2016-02-29 12:08:28', '2016-02-29 12:08:28', 2, 'public', 0, 0, '', 0);
INSERT INTO `playlist_points` (`id`, `user_id`, `playlist_id`, `value`) VALUES
(8, 2, 3, 1),
(9, 2, 4, 1),
(10, 2, 5, 1),
(11, 5, 3, 1);




INSERT INTO `riders` (`id`, `firstname`, `lastname`, `picture`, `picture_dir`, `user_id`, `level`, `count_tags`, `slug`, `status`, `nationality`, `sexe`) VALUES
(3, 'marck', 'mcmorris', NULL, '', NULL, 1, 11, 'marck-mcmorris-can', NULL, 'can', NULL),
(4, 'sebastien', 'toutant', NULL, NULL, NULL, 1, 33, 'sebastien-toutant', NULL, 'can', NULL),
(14, 'thomas', 'delfino', NULL, NULL, NULL, 1, 0, 'thomas-delfino-fr', NULL, 'fr', NULL),
(19, 'xavier', 'de le rue', NULL, NULL, NULL, 2, 0, 'xavier-de-le-rue-fr', NULL, 'fr', NULL),
(20, 'victor', 'de le rue', NULL, NULL, NULL, 2, 6, 'victor-de-le-rue-fr', NULL, 'fr', NULL),
(22, 'maxence', 'parrot', NULL, NULL, NULL, 3, 7, 'maxence-parrot-ca', NULL, 'ca', NULL),
(23, 'torstein', 'horgmo', NULL, NULL, NULL, 3, 12, 'torstein-horgmo-no', NULL, 'no', NULL),
(24, 'jesper', 'tjäder', NULL, NULL, NULL, 3, 6, 'jesper-tjaeder-se', NULL, 'se', NULL),
(25, 'marcus', 'kleveland', NULL, NULL, NULL, 3, 1, 'marcus-kleveland-no', NULL, 'no', NULL),
(33, 'billy', 'morgan', NULL, NULL, NULL, 3, 4, 'billy-morgan-gb', NULL, 'gb', NULL),
(41, 'yuki', 'kadono', NULL, NULL, NULL, 3, 4, 'yuki-kadono-jp', NULL, 'jp', NULL),
(42, 'josh', 'sheehan', NULL, NULL, NULL, 3, 1, 'josh-sheehan-au', NULL, 'au', NULL),
(43, 'gavin', 'godfrey', NULL, NULL, NULL, 3, 1, 'gavin-godfrey-us', NULL, 'us', NULL),
(44, 'ethen godfrey', 'roberts', NULL, NULL, NULL, 3, 1, 'ethen-godfrey-roberts-us', NULL, 'us', NULL),
(45, 'danny', 'torres', NULL, NULL, NULL, 3, 1, 'danny-torres-es', NULL, 'es', NULL),
(46, 'manuel', 'diaz', NULL, NULL, NULL, 3, 1, 'manuel-diaz-cl', NULL, 'cl', NULL),
(47, 'jeff', 'langley', NULL, NULL, NULL, 3, 1, 'jeff-langley-us', NULL, 'us', NULL),
(48, 'mike', 'clark', NULL, NULL, NULL, 3, 1, 'mike-clark-us', NULL, 'us', NULL),
(49, 'jordy', 'smith', NULL, NULL, NULL, 3, 1, 'jordy-smith-za', NULL, 'za', NULL),
(50, 'lasse', 'hammer', NULL, NULL, NULL, 2, 1, 'lasse-hammer-dk', NULL, 'dk', NULL),
(51, 'antoine', 'bizet', NULL, NULL, NULL, 3, 1, 'antoine-bizet-fr', NULL, 'fr', NULL);




INSERT INTO `tags` (`id`, `name`, `count_ref`, `sport_id`, `category_id`, `user_id`, `created`, `slug`) VALUES
(1, 'frontside 360', 0, 1, 1, NULL, '2015-12-26 09:01:35', 'frontside-360-1'),
(3, 'backside 360', 0, 1, 1, NULL, '2015-12-26 09:01:35', 'backside-360-1'),
(4, 'backside 180', 0, 1, 1, NULL, '2015-12-26 09:01:35', 'backside-180-1'),
(5, 'backside 540', 0, 1, 1, NULL, '2015-12-26 09:01:35', 'backside-540-1'),
(10, 'backside rodeo 540 indy', 0, 1, 1, NULL, '2015-12-27 09:46:26', 'backside-rodeo-540-indy-1'),
(11, 'frontside 720 mute', 0, 1, 1, 2, '2015-12-27 15:05:05', 'frontside-720-mute-1'),
(13, 'frontside 540 mute', 0, 1, 1, 2, '2015-12-27 15:09:26', 'frontside-540-mute-1'),
(14, 'superman double front', 0, 2, 5, 2, '2015-12-28 10:25:00', 'superman-double-front-5'),
(15, 'switch 360 mute', 0, 2, 5, 2, '2015-12-28 10:29:33', 'switch-360-mute-5'),
(16, 'backside 720 mute', 1, 1, 1, 2, '2015-12-28 16:19:32', 'backside-720-mute-1'),
(17, 'backside 540 melon', 1, 1, 1, 2, '2015-12-28 16:21:34', 'backside-540-melon-1'),
(18, 'backside triple cork 1440 mute', 3, 1, 1, 2, '2015-12-28 16:43:43', 'backside-triple-cork-1440-mute-1'),
(19, 'double underflip indy', 1, 1, 1, 2, '2016-01-05 18:01:16', 'double-underflip-indy-1'),
(22, 'backside 540 nose grab', 1, 1, 1, 2, '2016-01-05 22:53:34', 'backside-540-nose-grab-1'),
(23, 'backside double cork 1080 mute', 4, 1, 1, 2, '2016-01-05 22:57:03', 'backside-double-cork-1080-mute-1'),
(24, 'backside double bio 1080 indy', 1, 1, 1, 2, '2016-01-06 09:00:34', 'backside-double-bio-1080-indy-1'),
(25, 'backside 1260 mute', 0, 1, 1, 2, '2016-01-07 12:15:15', 'backside-1260-mute-1'),
(27, 'double backflip', 3, 2, 5, 2, '2016-01-08 09:37:20', 'double-backflip-5'),
(28, 'backside 720 method', 0, 1, 1, 2, '2016-01-08 10:42:36', 'backside-720-method-1'),
(29, 'frontflip', 0, 2, 8, NULL, '2016-01-09 23:30:10', 'frontflip-8'),
(30, 'frontflip superman', 0, 2, 5, NULL, '2016-01-09 23:35:55', 'frontflip-superman-5'),
(31, 'double backflip on one ski', 0, 2, 5, NULL, '2016-01-09 23:38:13', 'double-backflip-on-one-ski-5'),
(33, 'backside bio 720 nose grab', 0, 1, 1, 2, '2016-01-10 22:29:19', 'backside-bio-720-nose-grab-1'),
(34, 'backside 180 mute', 1, 1, 1, 2, '2016-01-10 22:32:58', 'backside-180-mute-1'),
(35, 'frontside double cork 1080 stalefish', 1, 1, 1, 2, '2016-01-10 22:39:44', 'frontside-double-cork-1080-stalefish-1'),
(36, 'frontside cork 900 tail grab', 1, 1, 1, 2, '2016-01-10 22:41:23', 'frontside-cork-900-tail-grab-1'),
(37, 'double backside rodeo 1260 melon', 1, 1, 1, 2, '2016-01-10 23:50:11', 'doublebackside-rodeo-1260-melon-1'),
(38, 'frontside 1080 indy', 1, 1, 1, 2, '2016-01-10 23:51:43', 'frontside-1080-indy-1'),
(39, 'backside 540 indy', 1, 1, 1, 2, '2016-01-10 23:55:48', 'backside-540-indy-1'),
(40, 'frontside 720 tail grab', 1, 1, 1, 2, '2016-01-10 23:57:29', 'frontside-720-tail-grab-1'),
(41, 'frontside double cork 1080 mute', 4, 1, 1, 2, '2016-01-10 23:59:30', 'frontside-double-cork-1080-mute-1'),
(48, 'double backflip', 0, 5, 9, 2, '2016-01-14 11:21:59', '-double-backflip99-9'),
(49, 'frontside double cork 1260 stalefish', 1, 1, 1, NULL, '2016-01-14 16:22:53', 'frontside-double-cork-1260-stalefish-1'),
(50, 'frontside underflip 540 indy', 1, 1, 2, NULL, '2016-01-14 16:27:24', 'frontside-underflip-540-indy-2'),
(52, 'backside rodeo 540 melon', 1, 1, 2, NULL, '2016-01-14 16:32:08', 'backside-rodeo-540-melon-2'),
(53, 'backside 180 shifty', 0, 1, 1, 2, '2016-01-14 23:11:35', 'backside-180-shifty-1'),
(54, 'kiss of death backflip', 0, 5, 9, 2, '2016-01-14 23:53:00', '-kiss-of-death-backflip99-9'),
(56, 'double grab', 1, 5, 9, 2, '2016-01-14 23:58:36', 'double-grab-9'),
(57, 'double underflip 1260 indy', 0, 1, 1, NULL, '2016-01-15 14:25:35', 'double-underflip-1260-indy-1'),
(58, 'double backflip melon', 2, 1, 1, 2, '2016-01-24 17:12:30', 'double-backflip-melon-1'),
(59, 'double backside rodeo 900 melon', 3, 1, 1, 2, '2016-01-24 17:14:07', 'double-backside-rodeo-900-melon-1'),
(60, 'frontside 180', 1, 1, 1, 2, '2016-01-24 17:16:01', 'frontside-180-1'),
(61, 'backflip indy out', 1, 1, 2, 2, '2016-01-24 17:17:38', 'backflip-indy-out-2'),
(62, 'double backflip indy', 2, 1, 1, 2, '2016-01-24 17:19:25', 'double-backflip-indy-1'),
(63, 'backside 1080 mute', 3, 1, 1, NULL, '2016-02-03 22:11:58', 'backside-1080-mute-1'),
(65, 'backside triple cork 1620 mute', 1, 1, 1, 2, '2016-02-04 14:49:16', 'backside-triple-cork-1620-mute-1'),
(66, 'backside 360 in', 1, 1, 2, NULL, '2016-02-04 19:54:56', 'backside-360-in-2'),
(67, 'backside cork 1080 indy', 1, 1, 1, NULL, '2016-02-05 00:59:11', 'backside-cork-1080-indy-1'),
(69, 'fronstide 360 stalefish', 1, 1, 1, NULL, '2016-02-06 08:43:43', '-fronstide-360-stalefish-1'),
(71, 'frontside 360 double shifty', 1, 1, 1, NULL, '2016-02-06 12:12:07', 'frontside-360-double-shifty-1'),
(75, 'to delete', 0, 1, 1, 2, '2016-02-12 12:57:24', '-to-delete-1'),
(76, 'frontside 270 in to 270 out', 0, 1, 2, 2, '2016-02-12 16:16:06', 'frontside-270-in-to-270-out-2'),
(77, 'frontside 270 in', 1, 1, 2, 2, '2016-02-12 17:04:59', 'frontside-270-in-2'),
(78, 'cab 270 in to 270 out', 1, 1, 2, 2, '2016-02-12 17:57:54', 'cab-270-in-to-270-out-2'),
(79, 'backside 270 in hardway', 1, 1, 2, 2, '2016-02-12 17:59:10', 'backside-270-in-hardway-2'),
(80, 'cab 270 in', 2, 1, 2, 2, '2016-02-12 18:44:12', 'cab-270-in-2'),
(82, 'switch 1260 melon', 1, 1, 1, 2, '2016-02-12 18:48:14', 'switch-1260-melon-1'),
(83, 'switch backlip to 270 out', 1, 1, 2, 2, '2016-02-12 18:49:52', 'switch-backlip-to-270-out-2'),
(84, '270 out', 1, 1, 2, 2, '2016-02-12 18:50:59', '-270-out-2'),
(85, 'switch quadruple underflip 1620 indy', 1, 1, 1, 2, '2016-02-12 19:26:27', 'switch-quadruple-underflip-1620-indy-1'),
(86, 'rodeo in', 1, 2, 5, 2, '2016-02-13 16:45:25', 'rodeo-in-5'),
(87, 'switch double frontflipt nose grab', 1, 2, 5, 2, '2016-02-13 16:55:19', 'switchdouble-frontflipt-nose-grab-5'),
(88, 'hand drag double cork 1080 safety', 1, 2, 5, 2, '2016-02-13 16:57:20', '-hand-drag-double-cork-1080-safety-5'),
(89, 'backside quadruple cork 1800 mindy', 1, 1, 1, 2, '2016-02-14 11:39:29', 'backside-quadruple-cork-1800-mindy-1'),
(90, 'cab 900 mute', 1, 1, 1, 2, '2016-02-14 13:21:00', 'cab-900-mute-2'),
(91, 'backside double cork 1080 nose grab', 1, 1, 1, 2, '2016-02-14 13:23:01', 'backside-double-cork-1080-nose-grab-1'),
(92, 'backside 180 in to 180 out', 1, 1, 2, 2, '2016-02-14 13:27:49', 'backside-180-in-to-180-out-2'),
(93, 'cab double underflip 900 indy', 1, 1, 1, 2, '2016-02-14 13:30:07', 'cab-double-underflip-900-indy-1'),
(94, 'cab double cork 1080 mute', 2, 1, 1, 2, '2016-02-14 13:31:25', 'cab-double-cork-1080-mute-1'),
(95, 'cab double cork 1260 stalefish', 1, 1, 1, 2, '2016-02-14 13:33:22', 'cab-double-cork-1260-stalefish-1'),
(96, 'frontside 360 mute', 1, 1, 1, 2, '2016-02-14 13:38:34', 'frontside-360-mute-1'),
(97, 'frontside double underflip 900 indy', 1, 1, 1, NULL, '2016-02-15 16:55:58', 'frontside-double-underflip-900-indy-1'),
(98, 'no spin', 1, 1, 1, NULL, '2016-02-15 16:59:36', 'no-spin-1'),
(99, 'backside triple rodeo melon', 1, 1, 1, NULL, '2016-02-15 17:02:44', 'backside-triple-rodeo-melon-1'),
(105, 'frontside 270 in hardway', 1, 1, 2, 2, '2016-02-17 17:47:46', 'frontside-270-in-hardway-2'),
(106, 'cab double cork 900 indy', 1, 1, 1, 2, '2016-02-17 17:56:30', 'cab-double-cork-900-indy-1'),
(107, 'frontside  900 mute', 1, 1, 1, 2, '2016-02-17 18:23:02', 'frontside-900-mute-1'),
(108, 'switch 270 in to 270 out', 1, 1, 2, 2, '2016-02-17 18:48:02', 'switch-270-in-to-270-out-2'),
(109, 'cab 1080 mute', 1, 1, 1, 2, '2016-02-17 18:54:59', 'cab-1080-mute-1'),
(110, 'switch triple cork 1620 stalefish', 1, 1, 1, 2, '2016-02-17 18:58:20', 'switch-triple-cork-1620-stalefish-1'),
(111, 'testtesttest', 0, 1, 1, 2, '2016-02-18 14:16:58', '-testtesttest-1'),
(112, 'triple backflip', 1, 5, 9, 2, '2016-02-18 16:41:44', 'triple-backflip-9'),
(113, 'test', 0, 1, 4, 2, '2016-02-21 10:18:42', '-test-4'),
(114, 'triple backflip', 2, 8, 10, 2, '2016-02-21 12:30:02', 'triple-backflip-1'),
(115, 'test', 0, 8, 10, 2, '2016-02-21 12:38:15', '-test1010-10'),
(116, 'triple backflip', 0, 4, 24, 2, '2016-02-21 12:55:02', 'triple-backflip-24'),
(117, 'frontside 900 tail grab', 2, 1, 1, 2, '2016-02-22 12:39:33', 'frontside-900-tail-grab-1'),
(118, 'mute  double roll to revert', 1, 6, 22, 2, '2016-02-22 22:03:44', 'mute-double-roll-to-revert-22'),
(119, 'double backflip', 1, 8, 10, 2, '2016-02-22 22:09:06', 'double-backflip-10'),
(120, 'rodeo flip', 1, 7, 16, 2, '2016-02-22 22:15:58', 'rodeo-flip-16'),
(121, 'double frontflip', 1, 9, 17, 2, '2016-02-22 22:27:13', 'double-frontflip-17'),
(122, 'backside air', 1, 1, 1, 2, '2016-02-23 13:39:47', 'backside-air-1'),
(123, 'backside lip slide', 0, 1, 2, 2, '2016-02-23 19:28:14', 'backside-lip-slide-2'),
(124, 'frontside lip-slide', 0, 1, 2, 2, '2016-02-23 19:40:30', 'frontside-lip-slide-2'),
(125, 'nose press to 180 to tail press', 0, 1, 2, 2, '2016-02-23 19:57:10', '-nose-press-to-180-to-tail-press-2'),
(126, 'backside 720 mute', 0, 1, 3, 2, '2016-02-23 19:58:39', 'backside-720-mute-3'),
(128, 'big jump', 1, 9, 17, NULL, '2016-03-02 13:49:58', 'big-jump-17'),
(129, 'frontflip', 1, 8, 10, NULL, '2016-03-02 14:58:36', 'frontflip-10');


INSERT INTO `videos` (`id`, `video_url`, `provider_id`, `count_tags`, `user_id`, `created`, `modified`, `status`, `duration`) VALUES
(45, 'NNDT7p_sHBI', 'youtube', 4, 2, '2015-12-26 09:07:23', '2016-02-06 13:17:24', 'public', 140),
(48, 'DuFIVZo7WIM', 'youtube', 0, 2, '2015-12-26 11:40:08', '2016-02-06 13:17:25', 'public', 5474),
(49, 'VEQ-s679a10', 'youtube', 0, 2, '2015-12-26 11:51:17', '2016-02-06 13:17:25', 'public', 121),
(56, 'FCpZKsTqmkc', 'youtube', 9, 2, '2015-12-27 09:18:57', '2016-02-18 16:33:33', 'public', 240),
(57, '7-Mi5mG4BsQ', 'youtube', 1, 2, '2015-12-28 10:23:33', '2016-02-06 13:17:26', 'public', 350),
(58, 'eeCoNywb45U', 'youtube', 1, 2, '2015-12-28 10:26:09', '2016-02-06 13:17:27', 'public', 261),
(59, '1MQfbMoCfb4', 'youtube', 2, 2, '2015-12-28 15:54:54', '2016-02-06 13:17:27', 'public', 277),
(60, 'Ofc9hh0NWe8', 'youtube', 30, 2, '2015-12-28 16:17:49', '2016-02-23 20:08:39', 'public', 244),
(82, '6mEHw5q6Yfs', 'youtube', 0, 1, '2016-01-05 20:45:02', '2016-02-06 13:17:28', 'public', 1812),
(102, 'xb5LHuZGXi0', 'youtube', 0, 1, '2016-01-05 20:55:44', '2016-02-06 13:17:29', 'public', 131),
(103, 'k7-3xEpyAgo', 'youtube', 1, 2, '2016-01-08 09:35:12', '2016-02-06 13:17:29', 'public', 51),
(104, 'yrynZrGpQMY', 'youtube', 3, 2, '2016-01-08 10:38:44', '2016-02-06 13:17:30', 'public', 357),
(105, 'vbWkr7PWRfA', 'youtube', 3, 2, '2016-01-08 14:08:09', '2016-02-06 13:17:30', 'public', 3488),
(106, 'W3JXdLmxSHk', 'youtube', 3, NULL, '2016-01-09 23:28:05', '2016-02-06 13:17:30', 'public', 157),
(107, 'Txyns-zD4n0', 'youtube', 1, NULL, '2016-01-10 19:14:46', '2016-02-06 13:17:31', 'public', 749),
(108, 'rSHHzrgWUqk', 'youtube', 0, 2, '2016-01-10 22:25:56', '2016-02-06 13:17:32', 'public', 275),
(109, '0B_BpxmusXA', 'youtube', 9, 2, '2016-01-10 22:27:17', '2016-02-07 12:58:30', 'public', 235),
(110, 'OprCOLuUPzY', 'youtube', 6, 2, '2016-01-10 23:53:16', '2016-02-06 13:17:32', 'public', 213),
(111, 'PTfNhcoVH1g', 'youtube', 1, 2, '2016-01-12 10:04:41', '2016-02-06 13:17:33', 'public', 3017),
(112, '0o-xXXMXX1Q', 'youtube', 1, 2, '2016-01-14 11:21:13', '2016-02-06 13:17:34', 'public', 165),
(113, 'hDnGPpHEM6U', 'youtube', 14, NULL, '2016-01-14 16:20:22', '2016-02-23 13:39:47', 'public', 294),
(114, 'FAjxL5km4wU', 'youtube', 1, 2, '2016-01-14 23:10:32', '2016-02-06 13:17:35', 'private', 0),
(115, 'QFUsEjZ6ppU', 'youtube', 7, 2, '2016-01-24 16:28:50', '2016-02-12 10:42:45', 'public', 234),
(116, 'b8LNh5iO0Hk', 'youtube', 3, NULL, '2016-02-05 00:36:22', '2016-02-06 13:17:35', 'public', 374),
(117, 'S7FL8JN2s60', 'youtube', 0, NULL, '2016-02-05 20:01:50', '2016-02-06 13:17:36', 'public', 106),
(118, 'e4tEOuDXA7Y', 'youtube', 0, NULL, '2016-02-05 20:12:13', '2016-02-06 13:17:36', 'public', 177),
(119, 'GW_lV0dW6nA', 'youtube', 1, NULL, '2016-02-06 12:10:34', '2016-02-06 13:17:37', 'public', 11),
(120, 'KoHzXi7Usl8', 'youtube', 0, 2, '2016-02-12 10:40:44', NULL, 'public', 160),
(121, 'GF6Ct6B1yfM', 'youtube', 0, 2, '2016-02-12 10:41:51', NULL, 'public', 652),
(122, 'SK3QUktvWbI', 'youtube', 0, 2, '2016-02-12 13:40:53', NULL, 'public', 321),
(123, 'aK_u64s2zNA', 'youtube', 9, 2, '2016-02-12 16:12:17', '2016-02-12 18:24:53', 'public', 150),
(124, '4efHnJ-T6co', 'youtube', 6, 2, '2016-02-12 18:40:21', '2016-02-14 11:20:17', 'public', 204),
(125, 'vUNyKJKMYg4', 'youtube', 4, 2, '2016-02-12 18:56:18', '2016-02-17 18:23:02', 'public', 127),
(126, 'KSdx9gNmqlc', 'youtube', 1, 2, '2016-02-12 19:24:35', '2016-02-12 19:26:27', 'public', 73),
(127, '4rtoQzPM_KA', 'youtube', 0, 2, '2016-02-13 09:52:01', NULL, 'public', 1209),
(128, 'K4lt74KUpAA', 'youtube', 5, 2, '2016-02-13 16:41:32', '2016-02-13 16:58:34', 'public', 230),
(129, 'jaA_nnfzrFE', 'youtube', 16, 2, '2016-02-14 11:30:15', '2016-02-16 18:12:19', 'public', 128),
(130, 'OiCyAEcZsks', 'youtube', 0, 2, '2016-02-15 09:38:35', NULL, 'public', 54),
(131, 'e9YqaZhIL8s', 'youtube', 0, NULL, '2016-02-15 16:42:51', NULL, 'public', 152),
(132, 'wAfSClKOUBI', 'youtube', 4, NULL, '2016-02-15 16:44:28', '2016-02-15 17:02:44', 'public', 152),
(133, 'HlLZKTa9SGI', 'youtube', 4, 2, '2016-02-17 18:44:12', '2016-02-17 19:02:23', 'public', 79),
(134, 'KIpW5m4qOjU', 'youtube', 0, 2, '2016-02-17 23:56:42', NULL, 'public', 440),
(135, 'WFLwxGB1qFI', 'youtube', 1, 2, '2016-02-18 16:39:14', '2016-02-18 16:41:44', 'public', 83),
(136, 'ZKvhxapM5zo', 'youtube', 0, 2, '2016-02-19 09:45:52', NULL, 'public', 204),
(137, '24348649', 'vimeo', 1, 2, '2016-02-19 09:57:20', '2016-02-21 10:35:21', 'public', 71),
(138, 'mvpMyZCLAIA', 'youtube', 3, 2, '2016-02-21 12:17:37', '2016-02-21 12:38:15', 'public', 259),
(139, '92609491', 'vimeo', 0, 2, '2016-02-21 12:43:57', NULL, 'public', 169),
(140, 'rcZWiVSmv7U', 'youtube', 1, 2, '2016-02-21 12:50:51', '2016-02-21 12:55:03', 'public', 18),
(141, 'T1zEBh5HLH8', 'youtube', 1, 2, '2016-02-21 13:33:10', '2016-02-21 13:35:08', 'public', 3072),
(142, 'flvbfuAX1_U', 'youtube', 1, 2, '2016-02-22 12:06:54', '2016-02-22 12:09:38', 'public', 89),
(143, 'JfpiuzlLUx4', 'youtube', 0, 2, '2016-02-22 21:57:23', NULL, 'public', 30),
(144, 'yZdx1MCJySc', 'youtube', 1, 2, '2016-02-22 22:00:36', '2016-02-22 22:03:44', 'public', 49),
(145, '7idj9R43tZA', 'youtube', 1, 2, '2016-02-22 22:05:44', '2016-02-22 22:09:06', 'public', 108),
(146, 'jVIDlndAWhw', 'youtube', 2, 2, '2016-02-22 22:14:12', '2016-03-02 20:02:46', 'public', 125),
(147, 'fPcqmiz8zJ0', 'youtube', 2, 2, '2016-02-22 22:18:11', '2016-03-02 13:49:59', 'public', 6),
(148, '125896742', 'vimeo', 0, 2, '2016-02-23 15:50:30', NULL, 'public', 406),
(149, '97945205', 'vimeo', 0, 2, '2016-02-27 16:47:51', '2016-03-02 09:15:28', 'public', 34),
(150, '97762449', 'vimeo', 1, 2, '2016-02-27 18:30:04', '2016-02-27 20:42:58', 'public', 129),
(151, '103916176', 'vimeo', 8, NULL, '2016-03-02 14:55:58', '2016-03-02 15:42:02', 'public', 16),
(152, 'n-C7qbNPt0I', 'youtube', 0, 2, '2016-03-08 16:58:20', NULL, 'public', 211);

--

INSERT INTO `video_tags` (`id`, `video_id`, `tag_id`, `user_id`, `rider_id`, `begin`, `end`, `created`, `modified`, `count_points`, `count_up`, `count_report_errors`, `status`, `count_fake`, `count_accurate`) VALUES
(11, 56, 10, 2, NULL, '32.13', '38.24', '2015-12-27 09:46:26', '2016-03-07 21:50:41', 1, 0, 0, 'validated', 1, 1),
(12, 56, 11, 2, NULL, '61.13', '64.63', '2015-12-27 15:05:05', '2015-12-27 15:05:05', 1, 0, 1, 'pending', 1, 1),
(16, 58, 15, 2, NULL, '112.62', '116.38', '2015-12-28 10:29:33', '2016-03-07 22:21:21', 1, 0, 0, 'rejected', 2, 0),
(18, 60, 16, 2, 4, '4.50', '12.55', '2015-12-28 16:19:32', '2015-12-28 16:19:32', 3, 1, 0, 'validated', 0, 0),
(19, 60, 17, 2, 4, '34.50', '40.00', '2015-12-28 16:21:35', '2015-12-28 16:21:35', 2, 0, 0, 'validated', 0, 0),
(20, 60, 18, 2, 4, '178.00', '187.76', '2015-12-28 16:43:43', '2015-12-28 16:43:43', 2, 1, 0, 'validated', 0, 0),
(21, 60, 19, 2, 4, '28.00', '34.00', '2016-01-05 18:01:17', '2016-01-05 18:01:17', 1, 0, 0, 'validated', 0, 0),
(46, 60, 22, 2, 4, '150.00', '162.00', '2016-01-05 22:53:34', '2016-01-05 22:53:34', 1, 0, 0, 'validated', 0, 0),
(47, 60, 23, 2, 4, '193.50', '212.30', '2016-01-05 22:57:03', '2016-01-05 22:57:03', 1, 0, 0, 'validated', 0, 0),
(48, 60, 24, 2, 4, '56.17', '62.17', '2016-01-06 09:00:35', '2016-01-06 09:00:35', 2, 0, 0, 'validated', 0, 0),
(53, 59, 25, 2, NULL, '85.00', '98.78', '2016-01-07 12:15:17', '2016-01-07 12:15:17', 1, 0, 0, 'pending', 1, 2),
(55, 103, 27, 2, 24, '17.50', '41.50', '2016-01-08 09:37:20', '2016-01-08 09:37:20', 2, 0, 0, 'validated', 0, 0),
(56, 104, 11, 2, NULL, '57.00', '61.50', '2016-01-08 10:40:46', '2016-01-08 10:40:46', 2, 0, 0, 'pending', 1, 1),
(57, 104, 28, 2, NULL, '68.50', '73.00', '2016-01-08 10:42:36', '2016-01-08 10:42:36', 1, 0, 1, 'pending', 1, 1),
(58, 104, 27, 2, NULL, '267.00', '273.00', '2016-01-08 19:44:28', '2016-01-08 19:44:28', 1, 0, 0, 'pending', 1, 1),
(59, 106, 29, NULL, NULL, '56.00', '59.00', '2016-01-09 23:30:10', '2016-01-09 23:30:10', 0, 0, 0, 'pending', 1, 1),
(60, 106, 30, NULL, NULL, '22.00', '24.50', '2016-01-09 23:35:55', '2016-01-09 23:35:55', 0, 0, 0, 'pending', 1, 1),
(61, 106, 31, NULL, NULL, '81.69', '84.92', '2016-01-09 23:38:13', '2016-01-09 23:38:13', 1, 0, 0, 'pending', 1, 1),
(62, 107, 66, NULL, NULL, '390.67', '396.50', '2016-01-10 19:17:23', '2016-01-10 19:17:23', 0, 0, 0, 'pending', 1, 1),
(64, 109, 34, 2, 20, '95.50', '98.00', '2016-01-10 22:32:58', '2016-01-10 22:32:58', 1, 0, 0, 'validated', 0, 0),
(65, 109, 23, 2, 20, '115.00', '122.36', '2016-01-10 22:38:23', '2016-01-10 22:38:23', 2, 0, 0, 'validated', 0, 0),
(66, 109, 35, 2, 20, '129.30', '135.22', '2016-01-10 22:39:44', '2016-01-10 22:39:44', 0, 0, 0, 'validated', 0, 0),
(67, 109, 36, 2, 20, '138.50', '142.13', '2016-01-10 22:41:23', '2016-01-10 22:41:23', 3, 0, 1, 'validated', 0, 0),
(68, 109, 37, 2, 20, '174.00', '179.69', '2016-01-10 23:50:11', '2016-01-10 23:50:11', 1, 0, 0, 'validated', 0, 0),
(69, 109, 38, 2, 20, '217.00', '221.14', '2016-01-10 23:51:44', '2016-01-10 23:51:44', 0, 0, 0, 'validated', 0, 0),
(70, 110, 39, 2, 23, '68.00', '72.00', '2016-01-10 23:55:48', '2016-01-10 23:55:48', 0, 0, 0, 'validated', 0, 0),
(71, 110, 40, 2, 23, '95.50', '99.50', '2016-01-10 23:57:30', '2016-01-10 23:57:30', 0, 0, 0, 'validated', 0, 0),
(72, 110, 41, 2, 23, '141.00', '146.00', '2016-01-10 23:59:30', '2016-01-10 23:59:30', 0, 0, 0, 'validated', 0, 0),
(73, 110, 41, 2, 23, '23.02', '29.57', '2016-01-11 00:03:26', '2016-01-11 00:03:26', 1, 0, 0, 'validated', 0, 0),
(77, 112, 48, 2, NULL, '29.00', '33.50', '2016-01-14 11:22:00', '2016-01-14 11:22:00', 1, 0, 0, 'pending', 1, 1),
(78, 113, 49, NULL, 4, '16.52', '20.93', '2016-01-14 16:22:53', '2016-01-14 16:22:53', 1, 0, 0, 'validated', 0, 2),
(79, 113, 23, NULL, 4, '27.45', '31.33', '2016-01-14 16:24:34', '2016-01-14 16:24:34', 0, 0, 0, 'validated', 1, 1),
(80, 113, 50, NULL, 4, '93.00', '99.50', '2016-01-14 16:27:24', '2016-01-14 16:27:24', 0, 0, 0, 'validated', 1, 1),
(81, 113, 117, NULL, 4, '108.25', '114.01', '2016-01-14 16:29:51', '2016-01-14 16:29:51', 0, 0, 0, 'validated', 1, 1),
(82, 113, 52, NULL, NULL, '208.00', '213.50', '2016-01-14 16:32:09', '2016-01-14 16:32:09', 1, 0, 0, 'pending', 2, 0),
(83, 113, 18, NULL, 4, '225.00', '241.50', '2016-01-14 16:33:25', '2016-01-14 16:33:25', 1, 0, 0, 'validated', 0, 0),
(84, 114, 53, 2, NULL, '3.41', '8.17', '2016-01-14 23:11:36', '2016-01-14 23:11:36', 0, 0, 0, 'rejected', 2, 0),
(85, 105, 54, 2, NULL, '251.30', '258.30', '2016-01-14 23:53:00', '2016-01-14 23:53:00', 1, 0, 0, 'pending', 1, 1),
(86, 105, 54, 2, NULL, '322.36', '326.60', '2016-01-14 23:54:09', '2016-01-14 23:54:09', 1, 0, 0, 'pending', 0, 2),
(87, 105, 56, 2, 45, '492.66', '496.84', '2016-01-14 23:58:37', '2016-01-14 23:58:37', 0, 0, 0, 'validated', 0, 1),
(88, 113, 57, NULL, NULL, '102.50', '107.50', '2016-01-15 14:25:35', '2016-01-15 14:25:35', 0, 0, 0, 'pending', 2, 0),
(89, 115, 58, 2, 3, '86.06', '92.56', '2016-01-24 17:12:31', '2016-01-24 17:12:31', 1, 0, 0, 'validated', 0, 2),
(90, 115, 59, 2, 3, '118.00', '123.50', '2016-01-24 17:14:07', '2016-01-24 17:14:07', 0, 0, 0, 'validated', 0, 2),
(91, 115, 60, 2, 3, '152.94', '155.94', '2016-01-24 17:16:01', '2016-01-24 17:16:01', 0, 0, 0, 'validated', 0, 2),
(92, 115, 61, 2, 3, '171.91', '176.91', '2016-01-24 17:17:38', '2016-01-24 17:17:38', 0, 0, 0, 'validated', 0, 2),
(93, 115, 62, 2, 3, '216.00', '219.50', '2016-01-24 17:19:25', '2016-01-24 17:19:25', 0, 0, 0, 'validated', 0, 2),
(94, 113, 63, NULL, 4, '219.45', '224.00', '2016-02-03 22:11:58', '2016-02-03 22:11:58', 0, 0, 0, 'validated', 0, 2),
(95, 115, 65, 2, 3, '176.68', '186.00', '2016-02-04 14:49:10', '2016-02-04 14:49:10', 0, 0, 0, 'rejected', 2, 0),
(96, 113, 66, NULL, 4, '245.50', '248.50', '2016-02-04 19:54:56', '2016-02-04 19:54:56', 0, 0, 0, 'validated', 0, 0),
(97, 116, 67, NULL, 23, '53.50', '62.32', '2016-02-05 00:59:11', '2016-02-05 00:59:11', 0, 0, 0, 'validated', 1, 1),
(98, 116, 18, NULL, NULL, '319.92', '325.50', '2016-02-05 19:56:52', '2016-02-05 19:56:52', 0, 0, 0, 'rejected', 1, 1),
(99, 116, 69, NULL, 23, '49.30', '53.30', '2016-02-06 08:43:43', '2016-02-06 08:43:43', 0, 0, 0, 'validated', 1, 1),
(100, 119, 71, NULL, NULL, '4.50', '9.50', '2016-02-06 12:12:07', '2016-02-06 12:12:07', 0, 0, 0, 'validated', 1, 1),
(107, 123, 78, 2, 22, '2.16', '6.15', '2016-02-12 17:57:54', '2016-02-12 17:57:54', 0, 0, 0, 'validated', 0, 0),
(108, 123, 79, 2, 22, '8.42', '11.93', '2016-02-12 17:59:10', '2016-02-12 17:59:10', 0, 0, 0, 'validated', 0, 0),
(109, 123, 77, 2, 22, '13.50', '17.00', '2016-02-12 18:15:25', '2016-02-12 18:15:25', 0, 0, 0, 'validated', 0, 0),
(110, 123, 41, 2, 22, '18.50', '23.57', '2016-02-12 18:18:38', '2016-02-12 18:18:38', 0, 0, 0, 'validated', 0, 0),
(111, 123, 59, 2, 22, '24.00', '29.00', '2016-02-12 18:20:01', '2016-02-12 18:20:01', 0, 0, 0, 'validated', 0, 0),
(112, 123, 18, 2, 22, '35.00', '41.34', '2016-02-12 18:24:53', '2016-02-12 18:24:53', 0, 0, 0, 'validated', 0, 0),
(113, 124, 80, 2, 23, '26.45', '30.45', '2016-02-12 18:44:12', '2016-02-12 18:44:12', 0, 0, 0, 'validated', 0, 0),
(114, 124, 94, 2, 23, '41.50', '48.00', '2016-02-12 18:46:09', '2016-02-12 18:46:09', 0, 0, 0, 'validated', 0, 0),
(115, 124, 82, 2, 23, '49.00', '54.00', '2016-02-12 18:48:14', '2016-02-12 18:48:14', 0, 0, 0, 'validated', 0, 0),
(116, 124, 83, 2, 23, '32.09', '35.05', '2016-02-12 18:49:52', '2016-02-12 18:49:52', 0, 0, 0, 'validated', 0, 0),
(117, 124, 84, 2, 23, '36.00', '40.50', '2016-02-12 18:50:59', '2016-02-12 18:50:59', 0, 0, 0, 'validated', 0, 0),
(118, 125, 62, 2, 3, '51.00', '55.30', '2016-02-12 18:57:37', '2016-02-12 18:57:37', 1, 0, 0, 'validated', 0, 0),
(119, 126, 85, 2, 22, '17.00', '53.50', '2016-02-12 19:26:27', '2016-02-12 19:26:27', 0, 0, 0, 'validated', 0, 0),
(120, 128, 27, 2, 24, '25.50', '30.50', '2016-02-13 16:43:18', '2016-02-13 16:43:18', 1, 0, 0, 'validated', 0, 0),
(121, 128, 86, 2, 24, '111.00', '117.00', '2016-02-13 16:45:25', '2016-02-13 16:45:25', 1, 0, 0, 'validated', 0, 0),
(122, 128, 87, 2, 24, '139.00', '151.00', '2016-02-13 16:55:20', '2016-02-13 16:55:20', 0, 0, 0, 'validated', 0, 0),
(123, 128, 88, 2, 24, '156.50', '168.50', '2016-02-13 16:57:20', '2016-02-13 16:57:20', 1, 0, 0, 'validated', 0, 0),
(124, 128, 27, 2, 24, '212.00', '220.00', '2016-02-13 16:58:34', '2016-02-13 16:58:34', 5, 3, 0, 'validated', 0, 0),
(125, 124, 80, 2, 23, '76.00', '81.50', '2016-02-14 11:20:17', '2016-02-14 11:20:17', 0, 0, 0, 'validated', 0, 0),
(126, 129, 89, 2, 25, '71.50', '88.00', '2016-02-14 11:39:30', '2016-02-14 11:39:30', 0, 0, 0, 'validated', 0, 0),
(127, 60, 52, 2, 4, '44.00', '46.50', '2016-02-14 13:19:45', '2016-02-14 13:19:45', 1, 0, 0, 'validated', 0, 0),
(128, 60, 90, 2, 4, '63.00', '71.00', '2016-02-14 13:21:00', '2016-02-14 13:21:00', 0, 0, 0, 'validated', 0, 0),
(129, 60, 91, 2, 4, '72.00', '80.50', '2016-02-14 13:23:01', '2016-02-14 13:23:01', 0, 0, 0, 'validated', 0, 0),
(130, 60, 23, 2, 4, '82.00', '92.00', '2016-02-14 13:24:33', '2016-02-14 13:24:33', 0, 0, 0, 'validated', 0, 0),
(131, 60, 41, 2, 4, '99.18', '102.18', '2016-02-14 13:26:24', '2016-02-14 13:26:24', 0, 0, 0, 'validated', 0, 0),
(132, 60, 92, 2, 4, '114.00', '116.50', '2016-02-14 13:27:49', '2016-02-14 13:27:49', 0, 0, 0, 'validated', 0, 0),
(133, 60, 93, 2, 4, '122.00', '130.00', '2016-02-14 13:30:07', '2016-02-14 13:30:07', 0, 0, 0, 'validated', 0, 0),
(134, 60, 94, 2, 4, '133.00', '138.50', '2016-02-14 13:31:25', '2016-02-14 13:31:25', 1, 0, 0, 'validated', 0, 0),
(135, 60, 95, 2, 4, '141.00', '147.50', '2016-02-14 13:33:23', '2016-02-14 13:33:23', 0, 0, 0, 'validated', 0, 0),
(136, 60, 96, 2, 4, '14.50', '25.00', '2016-02-14 13:38:34', '2016-02-14 13:38:34', 0, 0, 0, 'validated', 0, 0),
(137, 132, 59, NULL, 33, '29.00', '33.50', '2016-02-15 16:50:30', '2016-02-15 16:50:30', 0, 0, 0, 'validated', 1, 1),
(138, 132, 97, NULL, 33, '33.50', '38.00', '2016-02-15 16:55:58', '2016-02-15 16:55:58', 0, 0, 0, 'validated', 1, 1),
(139, 132, 98, NULL, 33, '87.00', '91.50', '2016-02-15 16:59:36', '2016-02-15 16:59:36', 0, 0, 0, 'validated', 0, 0),
(140, 132, 99, NULL, 33, '97.50', '104.61', '2016-02-15 17:02:44', '2016-02-15 17:02:44', 1, 0, 0, 'validated', 0, 0),
(156, 125, 105, 2, 3, '24.28', '28.54', '2016-02-17 17:47:48', '2016-02-17 17:47:48', 0, 0, 0, 'validated', 0, 2),
(157, 125, 106, 2, 3, '30.59', '36.59', '2016-02-17 17:56:31', '2016-02-17 17:56:31', 0, 0, 0, 'validated', 1, 1),
(158, 125, 107, 2, 3, '36.50', '40.50', '2016-02-17 18:23:02', '2016-02-17 18:23:02', 0, 0, 0, 'validated', 0, 2),
(159, 133, 108, 2, 41, '18.00', '23.50', '2016-02-17 18:48:02', '2016-02-17 18:48:02', 0, 0, 0, 'validated', 0, 2),
(160, 133, 109, 2, 41, '34.16', '39.17', '2016-02-17 18:54:59', '2016-02-17 18:54:59', 0, 0, 0, 'validated', 0, 2),
(161, 133, 110, 2, 41, '47.50', '53.50', '2016-02-17 18:58:20', '2016-02-17 18:58:20', 0, 0, 0, 'validated', 0, 2),
(162, 133, 65, 2, 41, '40.50', '46.50', '2016-02-17 19:02:23', '2016-02-17 19:02:23', 0, 0, 0, 'validated', 0, 2),
(168, 135, 112, 2, 42, '43.32', '55.32', '2016-02-18 16:41:44', '2016-02-18 16:41:44', 2, 0, 0, 'validated', 0, 0),
(169, 137, 1, 2, 3, '2.00', '5.00', '2016-02-21 10:35:21', '2016-02-21 10:35:21', 0, 0, 0, 'blocked', 0, 0),
(170, 138, 114, 2, 43, '142.63', '158.12', '2016-02-21 12:30:02', '2016-02-21 12:30:02', 0, 0, 0, 'validated', 0, 2),
(171, 138, 114, 2, 44, '209.00', '224.00', '2016-02-21 12:37:42', '2016-02-21 12:37:42', 0, 0, 0, 'validated', 0, 2),
(173, 140, 116, 2, NULL, '0.00', '5.00', '2016-02-21 12:55:03', '2016-02-21 12:55:03', 0, 0, 0, 'rejected', 1, 1),
(174, 141, 22, 2, NULL, '888.00', '898.50', '2016-02-21 13:35:08', '2016-02-21 13:35:08', 0, 0, 0, 'pending', 1, 1),
(175, 142, 58, 2, 46, '8.50', '19.17', '2016-02-22 12:09:38', '2016-02-22 12:09:38', 1, 0, 0, 'validated', 0, 2),
(177, 113, 117, 2, 4, '108.25', '114.01', '2016-02-22 12:39:34', '2016-02-22 12:39:34', 0, 0, 0, 'validated', 0, 2),
(178, 113, 63, 2, 4, '27.45', '31.33', '2016-02-22 15:39:57', '2016-02-22 15:39:57', 0, 0, 0, 'validated', 0, 2),
(179, 113, 63, 2, 4, '27.45', '31.83', '2016-02-22 15:41:25', '2016-02-22 15:41:25', 0, 0, 0, 'validated', 0, 2),
(180, 144, 118, 2, 47, '11.50', '18.73', '2016-02-22 22:03:44', '2016-02-22 22:03:44', 0, 0, 0, 'validated', 0, 2),
(181, 145, 119, 2, 48, '29.50', '33.60', '2016-02-22 22:09:06', '2016-02-22 22:09:06', 1, 0, 0, 'validated', 0, 2),
(182, 146, 120, 2, 49, '4.00', '17.50', '2016-02-22 22:15:58', '2016-02-22 22:15:58', 2, 0, 0, 'validated', 0, 2),
(183, 147, 121, 2, 50, '0.00', '5.00', '2016-02-22 22:27:13', '2016-02-22 22:27:13', 1, 0, 0, 'validated', 0, 2),
(184, 113, 122, 2, 4, '68.50', '76.50', '2016-02-23 13:39:47', '2016-02-23 13:39:47', 0, 0, 0, 'validated', 0, 2),
(185, 60, 123, 2, 4, '171.30', '175.40', '2016-02-23 19:28:14', '2016-02-23 19:28:14', 0, 0, 0, 'pending', 3, 0),
(186, 60, 123, 2, 4, '171.30', '175.40', '2016-02-23 19:28:15', '2016-02-23 19:28:15', 0, 0, 0, 'pending', 1, 2),
(187, 60, 124, 2, 4, '165.00', '169.66', '2016-02-23 19:40:30', '2016-02-23 19:40:30', 0, 0, 0, 'pending', 1, 2),
(188, 60, 125, 2, 4, '107.10', '111.00', '2016-02-23 19:57:10', '2016-02-23 19:57:10', 0, 0, 0, 'pending', 3, 0),
(189, 60, 126, 2, 4, '92.70', '99.00', '2016-02-23 19:58:39', '2016-02-23 19:58:39', 0, 0, 0, 'pending', 1, 2),
(190, 60, 123, 2, 4, '48.10', '50.10', '2016-02-23 20:08:39', '2016-02-23 20:08:39', 0, 0, 0, 'pending', 4, 0),
(192, 147, 128, NULL, NULL, '2.80', '4.80', '2016-03-02 13:49:59', '2016-03-02 13:49:59', 0, 0, 0, 'pending', 1, 0),
(200, 151, 129, NULL, 51, '4.80', '12.30', '2016-03-02 15:42:02', '2016-03-02 15:42:02', 2, 2, 0, 'validated', 0, 0);


INSERT INTO `playlist_video_tags` (`id`, `playlist_id`, `video_tag_id`, `position`) VALUES
(10, 3, 124, 5),
(11, 3, 55, 3),
(12, 3, 168, 2),
(13, 3, 180, 6),
(14, 3, 182, 4),
(15, 4, 18, 1),
(17, 5, 18, 1),
(29, 4, 71, 2),
(30, 3, 126, 7),
(31, 3, 170, 8),
(45, 3, 200, 1);

INSERT INTO `video_tag_accuracy_rates` (`user_id`, `video_tag_id`, `value`, `created`) VALUES
(2, 11, 'accurate', '2016-02-21 20:18:43'),
(2, 12, 'accurate', '2016-02-21 21:27:03'),
(2, 16, 'fake', '2016-02-21 21:33:58'),
(2, 53, 'accurate', '2016-02-22 07:57:49'),
(2, 56, 'accurate', '2016-02-22 07:08:41'),
(2, 57, 'accurate', '2016-02-22 07:57:58'),
(2, 58, 'accurate', '2016-02-22 08:00:29'),
(2, 59, 'accurate', '2016-02-22 08:03:22'),
(2, 60, 'accurate', '2016-02-22 08:21:26'),
(2, 61, 'accurate', '2016-02-22 08:48:48'),
(2, 62, 'accurate', '2016-02-22 08:49:20'),
(2, 77, 'accurate', '2016-02-22 08:49:27'),
(2, 78, 'accurate', '2016-02-22 08:47:09'),
(2, 79, 'fake', '2016-02-22 15:45:21'),
(2, 80, 'fake', '2016-02-22 13:59:33'),
(2, 81, 'fake', '2016-02-22 13:59:42'),
(2, 82, 'fake', '2016-02-22 13:59:50'),
(2, 84, 'fake', '2016-02-22 14:08:11'),
(2, 85, 'accurate', '2016-02-22 07:55:48'),
(2, 86, 'accurate', '2016-02-22 07:56:01'),
(2, 87, 'accurate', '2016-02-22 08:54:39'),
(2, 88, 'fake', '2016-02-22 14:00:00'),
(2, 89, 'accurate', '2016-02-22 14:01:50'),
(2, 90, 'accurate', '2016-02-22 14:01:56'),
(2, 91, 'accurate', '2016-02-22 14:02:01'),
(2, 92, 'accurate', '2016-02-22 14:02:10'),
(2, 93, 'accurate', '2016-02-22 14:02:17'),
(2, 94, 'accurate', '2016-02-22 14:00:22'),
(2, 95, 'fake', '2016-02-22 14:03:06'),
(2, 97, 'fake', '2016-02-22 14:03:20'),
(2, 98, 'fake', '2016-02-22 14:03:29'),
(2, 99, 'fake', '2016-02-22 14:03:32'),
(2, 100, 'fake', '2016-02-22 14:03:36'),
(2, 137, 'fake', '2016-02-22 14:04:37'),
(2, 138, 'fake', '2016-02-22 14:04:47'),
(2, 156, 'accurate', '2016-02-22 14:03:45'),
(2, 157, 'fake', '2016-02-22 14:04:10'),
(2, 158, 'accurate', '2016-02-22 14:04:25'),
(2, 159, 'accurate', '2016-02-22 14:04:57'),
(2, 160, 'accurate', '2016-02-22 14:05:23'),
(2, 161, 'accurate', '2016-02-22 14:06:07'),
(2, 162, 'accurate', '2016-02-22 14:08:22'),
(2, 170, 'accurate', '2016-02-22 22:34:22'),
(2, 171, 'accurate', '2016-02-22 20:51:21'),
(2, 173, 'accurate', '2016-02-22 20:51:36'),
(2, 174, 'accurate', '2016-02-22 21:14:36'),
(2, 175, 'accurate', '2016-02-22 20:50:58'),
(2, 177, 'accurate', '2016-02-22 14:00:30'),
(2, 178, 'accurate', '2016-02-22 15:45:28'),
(2, 179, 'accurate', '2016-02-22 15:46:34'),
(2, 180, 'accurate', '2016-02-22 22:31:47'),
(2, 181, 'accurate', '2016-02-22 22:31:44'),
(2, 182, 'accurate', '2016-02-22 22:31:36'),
(2, 183, 'accurate', '2016-02-22 22:31:32'),
(2, 184, 'accurate', '2016-02-23 14:10:08'),
(2, 185, 'fake', '2016-03-01 14:17:02'),
(2, 186, 'accurate', '2016-03-01 14:16:46'),
(2, 187, 'accurate', '2016-02-23 21:28:39'),
(2, 188, 'fake', '2016-02-23 21:28:24'),
(2, 189, 'accurate', '2016-02-23 21:28:12'),
(2, 190, 'fake', '2016-02-23 21:27:16'),
(2, 192, 'fake', '2016-03-02 19:16:44');

INSERT INTO `video_tag_points` (`id`, `value`, `user_id`, `video_tag_id`) VALUES
(5, 1, 2, 11),
(6, 1, 2, 12),
(13, 1, 2, 16),
(15, 1, 2, 20),
(16, 1, 2, 19),
(17, 1, 2, 18),
(19, 1, 2, 46),
(20, 1, 2, 47),
(21, 1, 2, 48),
(24, 1, 2, 55),
(30, 1, 5, 64),
(35, 1, 2, 21),
(36, 1, 2, 53),
(37, 1, 2, 56),
(38, 1, 2, 73),
(45, 1, 2, 86),
(46, 1, 2, 85),
(47, 1, 2, 83),
(49, 1, 2, 78),
(55, 1, 2, 65),
(56, 1, 2, 67),
(57, 1, 2, 58),
(58, 1, 2, 120),
(59, 1, 2, 124),
(60, 1, 2, 77),
(61, 1, 2, 89),
(62, 1, 2, 61),
(65, 1, 2, 168),
(66, 1, 2, 134),
(67, 1, 2, 175),
(74, 1, 2, 182),
(75, 1, 2, 123),
(77, 1, 2, 121),
(79, 1, 5, 124),
(81, 1, 2, 200);
